{
    "mse": 10.485740235991987,
    "rmse": 3.2381692722882764,
    "mae": 2.490721969363056,
    "mape": 0.12133608559095371,
    "r2": 0.7945607285341115,
    "test_samples": 79
}