{
    "mse": 10.414868189458295,
    "rmse": 3.22720749092126,
    "mae": 2.4747118696381776,
    "mape": 0.12010182541001224,
    "r2": 0.7959492715725135,
    "test_samples": 79
}